postgres=# \dt
         List of relations
 Schema |   Name    | Type  | Owner 
--------+-----------+-------+-------
 public | purchases | table | omkar
 public | users     | table | omkar
 public | users2    | table | omkar
(3 rows)

postgres=# select * from users where last_name is null;
 create_date | user_handle | last_name | first_name 
-------------+-------------+-----------+------------
(0 rows)

postgres=# select * from users2
postgres-# ;
 create_date |             user_handle              | last_name | first_name 
-------------+--------------------------------------+-----------+------------
 2023-08-05  | 51e46d17-f344-463a-ba17-6489455b4fe2 | niceone   | mark
 2023-08-05  | 8889cf98-01d8-4ad3-9a0a-1f782bd11cbc | orange    | daniel
 2023-08-05  | 19db5bcb-87aa-465c-84b4-7be7f3a9930c | apple     | boy
(3 rows)

postgres=# \d users2;
                Table "public.users2"
   Column    | Type | Collation | Nullable | Default 
-------------+------+-----------+----------+---------
 create_date | date |           | not null | 
 user_handle | uuid |           | not null | 
 last_name   | text |           |          | 
 first_name  | text |           | not null | 
Indexes:
    "users2_pkey" PRIMARY KEY, btree (user_handle)
Referenced by:
    TABLE "purchases" CONSTRAINT "purchases_user_handle_fkey" FOREIGN KEY (user_handle) REFERENCES users2(user_handle)

postgres=# insert into users2 values (now(), uuid_generate_v4(), null, "banana");
ERROR:  column "banana" does not exist
LINE 1: ...o users2 values (now(), uuid_generate_v4(), null, "banana");
                                                             ^
postgres=# insert into users2 values (now(), uuid_generate_v4(), null, 'banana');
INSERT 0 1
postgres=# select * from users2;
 create_date |             user_handle              | last_name | first_name 
-------------+--------------------------------------+-----------+------------
 2023-08-05  | 51e46d17-f344-463a-ba17-6489455b4fe2 | niceone   | mark
 2023-08-05  | 8889cf98-01d8-4ad3-9a0a-1f782bd11cbc | orange    | daniel
 2023-08-05  | 19db5bcb-87aa-465c-84b4-7be7f3a9930c | apple     | boy
 2023-08-06  | 054f39d6-6bcf-42e2-9e02-7611deb74483 |           | banana
(4 rows)

postgres=# select * from users where last_name is null;
 create_date | user_handle | last_name | first_name 
-------------+-------------+-----------+------------
(0 rows)

postgres=# select * from users2 where last_name is null;
 create_date |             user_handle              | last_name | first_name 
-------------+--------------------------------------+-----------+------------
 2023-08-06  | 054f39d6-6bcf-42e2-9e02-7611deb74483 |           | banana
(1 row)

postgres=# select * from users2 where last_name <> 'apple';
 create_date |             user_handle              | last_name | first_name 
-------------+--------------------------------------+-----------+------------
 2023-08-05  | 51e46d17-f344-463a-ba17-6489455b4fe2 | niceone   | mark
 2023-08-05  | 8889cf98-01d8-4ad3-9a0a-1f782bd11cbc | orange    | daniel
(2 rows)

postgres=# select * from users2 where create_date > '2023-08-05';
 create_date |             user_handle              | last_name | first_name 
-------------+--------------------------------------+-----------+------------
 2023-08-06  | 054f39d6-6bcf-42e2-9e02-7611deb74483 |           | banana
(1 row)

postgres=# select * from users2 where first_name = 'banana' or last_name = 'niceone';
 create_date |             user_handle              | last_name | first_name 
-------------+--------------------------------------+-----------+------------
 2023-08-05  | 51e46d17-f344-463a-ba17-6489455b4fe2 | niceone   | mark
 2023-08-06  | 054f39d6-6bcf-42e2-9e02-7611deb74483 |           | banana
(2 rows)

postgres=# select * from users2where first_name in ('boy', 'banana');
ERROR:  syntax error at or near "in"
LINE 1: select * from users2where first_name in ('boy', 'banana');
                                             ^
postgres=# select * from users2 where first_name in ('boy', 'banana');
 create_date |             user_handle              | last_name | first_name 
-------------+--------------------------------------+-----------+------------
 2023-08-05  | 19db5bcb-87aa-465c-84b4-7be7f3a9930c | apple     | boy
 2023-08-06  | 054f39d6-6bcf-42e2-9e02-7611deb74483 |           | banana
(2 rows)

postgres=# select * from users2 where first_name = 'banana' and last_name = 'niceone';
 create_date | user_handle | last_name | first_name 
-------------+-------------+-----------+------------
(0 rows)

postgres=# select * from users2;
 create_date |             user_handle              | last_name | first_name 
-------------+--------------------------------------+-----------+------------
 2023-08-05  | 51e46d17-f344-463a-ba17-6489455b4fe2 | niceone   | mark
 2023-08-05  | 8889cf98-01d8-4ad3-9a0a-1f782bd11cbc | orange    | daniel
 2023-08-05  | 19db5bcb-87aa-465c-84b4-7be7f3a9930c | apple     | boy
 2023-08-06  | 054f39d6-6bcf-42e2-9e02-7611deb74483 |           | banana
(4 rows)

postgres=# select * from purchases;
 purchase_date |             user_handle              |                 sku                  | quantity 
---------------+--------------------------------------+--------------------------------------+----------
 2023-08-05    | 19db5bcb-87aa-465c-84b4-7be7f3a9930c | d7affb3f-d3e1-45a7-b117-9d2a7a26b301 |        5
 2023-08-06    | 51e46d17-f344-463a-ba17-6489455b4fe2 | 88a20223-f735-42fa-849b-085ba248e2cf |       20
 2023-08-06    | 51e46d17-f344-463a-ba17-6489455b4fe2 | dfa09928-6748-433c-8432-8647171236a1 |       10

postgres=# select * from users2 u inner join purchases p on u.user_handle=p.user_handle;
 create_date |             user_handle              | last_name | first_name | purchase_date |             user_handle              |                 sku                  | quantity 
-------------+--------------------------------------+-----------+------------+---------------+--------------------------------------+--------------------------------------+----------
 2023-08-05  | 19db5bcb-87aa-465c-84b4-7be7f3a9930c | apple     | boy        | 2023-08-05    | 19db5bcb-87aa-465c-84b4-7be7f3a9930c | d7affb3f-d3e1-45a7-b117-9d2a7a26b301 |        5
 2023-08-05  | 51e46d17-f344-463a-ba17-6489455b4fe2 | niceone   | mark       | 2023-08-06    | 51e46d17-f344-463a-ba17-6489455b4fe2 | 88a20223-f735-42fa-849b-085ba248e2cf |       20
 2023-08-05  | 51e46d17-f344-463a-ba17-6489455b4fe2 | niceone   | mark       | 2023-08-06    | 51e46d17-f344-463a-ba17-6489455b4fe2 | dfa09928-6748-433c-8432-8647171236a1 |       10
(3 rows)

postgres=# select * from users2 u left join purchases p on u.user_handle=p.user_handle;
 create_date |             user_handle              | last_name | first_name | purchase_date |             user_handle              |                 sku                  | quantity 
-------------+--------------------------------------+-----------+------------+---------------+--------------------------------------+--------------------------------------+----------
 2023-08-05  | 19db5bcb-87aa-465c-84b4-7be7f3a9930c | apple     | boy        | 2023-08-05    | 19db5bcb-87aa-465c-84b4-7be7f3a9930c | d7affb3f-d3e1-45a7-b117-9d2a7a26b301 |        5
 2023-08-05  | 51e46d17-f344-463a-ba17-6489455b4fe2 | niceone   | mark       | 2023-08-06    | 51e46d17-f344-463a-ba17-6489455b4fe2 | 88a20223-f735-42fa-849b-085ba248e2cf |       20
 2023-08-05  | 51e46d17-f344-463a-ba17-6489455b4fe2 | niceone   | mark       | 2023-08-06    | 51e46d17-f344-463a-ba17-6489455b4fe2 | dfa09928-6748-433c-8432-8647171236a1 |       10
 2023-08-06  | 054f39d6-6bcf-42e2-9e02-7611deb74483 |           | banana     |               |                                      |                                      |         
 2023-08-05  | 8889cf98-01d8-4ad3-9a0a-1f782bd11cbc | orange    | daniel     |               |                                      |                                      |         
(5 rows)

postgres=# select * from users2 u left outer join purchases p on u.user_handle=p.user_handle;
 create_date |             user_handle              | last_name | first_name | purchase_date |             user_handle              |                 sku                  | quantity 
-------------+--------------------------------------+-----------+------------+---------------+--------------------------------------+--------------------------------------+----------
 2023-08-05  | 19db5bcb-87aa-465c-84b4-7be7f3a9930c | apple     | boy        | 2023-08-05    | 19db5bcb-87aa-465c-84b4-7be7f3a9930c | d7affb3f-d3e1-45a7-b117-9d2a7a26b301 |        5
 2023-08-05  | 51e46d17-f344-463a-ba17-6489455b4fe2 | niceone   | mark       | 2023-08-06    | 51e46d17-f344-463a-ba17-6489455b4fe2 | 88a20223-f735-42fa-849b-085ba248e2cf |       20
 2023-08-05  | 51e46d17-f344-463a-ba17-6489455b4fe2 | niceone   | mark       | 2023-08-06    | 51e46d17-f344-463a-ba17-6489455b4fe2 | dfa09928-6748-433c-8432-8647171236a1 |       10
 2023-08-06  | 054f39d6-6bcf-42e2-9e02-7611deb74483 |           | banana     |               |                                      |                                      |         
 2023-08-05  | 8889cf98-01d8-4ad3-9a0a-1f782bd11cbc | orange    | daniel     |               |                                      |                                      |         
(5 rows)

postgres=# select * from purchases p left outer join users2 u on p.user_handle=u.user_handle;
 purchase_date |             user_handle              |                 sku                  | quantity | create_date |             user_handle              | last_name | first_name 
---------------+--------------------------------------+--------------------------------------+----------+-------------+--------------------------------------+-----------+------------
 2023-08-05    | 19db5bcb-87aa-465c-84b4-7be7f3a9930c | d7affb3f-d3e1-45a7-b117-9d2a7a26b301 |        5 | 2023-08-05  | 19db5bcb-87aa-465c-84b4-7be7f3a9930c | apple     | boy
 2023-08-06    | 51e46d17-f344-463a-ba17-6489455b4fe2 | 88a20223-f735-42fa-849b-085ba248e2cf |       20 | 2023-08-05  | 51e46d17-f344-463a-ba17-6489455b4fe2 | niceone   | mark
 2023-08-06    | 51e46d17-f344-463a-ba17-6489455b4fe2 | dfa09928-6748-433c-8432-8647171236a1 |       10 | 2023-08-05  | 51e46d17-f344-463a-ba17-6489455b4fe2 | niceone   | mark
(3 rows)

postgres=# select * from users2 u right outer join purchases p on u.user_handle=p.user_handle;
 create_date |             user_handle              | last_name | first_name | purchase_date |             user_handle              |                 sku                  | quantity 
-------------+--------------------------------------+-----------+------------+---------------+--------------------------------------+--------------------------------------+----------
 2023-08-05  | 19db5bcb-87aa-465c-84b4-7be7f3a9930c | apple     | boy        | 2023-08-05    | 19db5bcb-87aa-465c-84b4-7be7f3a9930c | d7affb3f-d3e1-45a7-b117-9d2a7a26b301 |        5
 2023-08-05  | 51e46d17-f344-463a-ba17-6489455b4fe2 | niceone   | mark       | 2023-08-06    | 51e46d17-f344-463a-ba17-6489455b4fe2 | 88a20223-f735-42fa-849b-085ba248e2cf |       20
 2023-08-05  | 51e46d17-f344-463a-ba17-6489455b4fe2 | niceone   | mark       | 2023-08-06    | 51e46d17-f344-463a-ba17-6489455b4fe2 | dfa09928-6748-433c-8432-8647171236a1 |       10
(3 rows)

postgres=# select * from purchases p right outer join users2 u on p.user_handle=u.user_handle;
 purchase_date |             user_handle              |                 sku                  | quantity | create_date |             user_handle              | last_name | first_name 
---------------+--------------------------------------+--------------------------------------+----------+-------------+--------------------------------------+-----------+------------
 2023-08-05    | 19db5bcb-87aa-465c-84b4-7be7f3a9930c | d7affb3f-d3e1-45a7-b117-9d2a7a26b301 |        5 | 2023-08-05  | 19db5bcb-87aa-465c-84b4-7be7f3a9930c | apple     | boy
 2023-08-06    | 51e46d17-f344-463a-ba17-6489455b4fe2 | 88a20223-f735-42fa-849b-085ba248e2cf |       20 | 2023-08-05  | 51e46d17-f344-463a-ba17-6489455b4fe2 | niceone   | mark
 2023-08-06    | 51e46d17-f344-463a-ba17-6489455b4fe2 | dfa09928-6748-433c-8432-8647171236a1 |       10 | 2023-08-05  | 51e46d17-f344-463a-ba17-6489455b4fe2 | niceone   | mark
               |                                      |                                      |          | 2023-08-06  | 054f39d6-6bcf-42e2-9e02-7611deb74483 |           | banana
               |                                      |                                      |          | 2023-08-05  | 8889cf98-01d8-4ad3-9a0a-1f782bd11cbc | orange    | daniel
(5 rows)

postgres=# select * from users2 u full outer join purchases p on u.user_handle=p.user_handle;
 create_date |             user_handle              | last_name | first_name | purchase_date |             user_handle              |                 sku                  | quantity 
-------------+--------------------------------------+-----------+------------+---------------+--------------------------------------+--------------------------------------+----------
 2023-08-05  | 19db5bcb-87aa-465c-84b4-7be7f3a9930c | apple     | boy        | 2023-08-05    | 19db5bcb-87aa-465c-84b4-7be7f3a9930c | d7affb3f-d3e1-45a7-b117-9d2a7a26b301 |        5
 2023-08-05  | 51e46d17-f344-463a-ba17-6489455b4fe2 | niceone   | mark       | 2023-08-06    | 51e46d17-f344-463a-ba17-6489455b4fe2 | 88a20223-f735-42fa-849b-085ba248e2cf |       20
 2023-08-05  | 51e46d17-f344-463a-ba17-6489455b4fe2 | niceone   | mark       | 2023-08-06    | 51e46d17-f344-463a-ba17-6489455b4fe2 | dfa09928-6748-433c-8432-8647171236a1 |       10
 2023-08-06  | 054f39d6-6bcf-42e2-9e02-7611deb74483 |           | banana     |               |                                      |                                      |         
 2023-08-05  | 8889cf98-01d8-4ad3-9a0a-1f782bd11cbc | orange    | daniel     |               |                                      |                                      |         
(5 rows)

postgres=# select u.first_name,p.sku from users2 u full outer join purchases p on u.user_handle=p.user_handle;
 first_name |                 sku                  
------------+--------------------------------------
 boy        | d7affb3f-d3e1-45a7-b117-9d2a7a26b301
 mark       | 88a20223-f735-42fa-849b-085ba248e2cf
 mark       | dfa09928-6748-433c-8432-8647171236a1
 banana     | 
 daniel     | 
(5 rows)

postgres=# select u.first_name,p.sku, p.quantity from users2 u full outer join purchases p on u.user_handle=p.user_handle;
 first_name |                 sku                  | quantity 
------------+--------------------------------------+----------
 boy        | d7affb3f-d3e1-45a7-b117-9d2a7a26b301 |        5
 mark       | 88a20223-f735-42fa-849b-085ba248e2cf |       20
 mark       | dfa09928-6748-433c-8432-8647171236a1 |       10
 banana     |                                      |         
 daniel     |                                      |         
(5 rows)


postgres=# select * from users2;
 create_date |             user_handle              | last_name | first_name 
-------------+--------------------------------------+-----------+------------
 2023-08-05  | 51e46d17-f344-463a-ba17-6489455b4fe2 | niceone   | mark
 2023-08-05  | 8889cf98-01d8-4ad3-9a0a-1f782bd11cbc | orange    | daniel
 2023-08-05  | 19db5bcb-87aa-465c-84b4-7be7f3a9930c | apple     | boy
 2023-08-06  | 054f39d6-6bcf-42e2-9e02-7611deb74483 |           | banana
(4 rows)

postgres=# select count(*), create_date from users2 group by create_date;
 count | create_date 
-------+-------------
     1 | 2023-08-06
     3 | 2023-08-05
(2 rows)

postgres=# select * from purchases;
 purchase_date |             user_handle              |                 sku                  | quantity 
---------------+--------------------------------------+--------------------------------------+----------
 2023-08-05    | 19db5bcb-87aa-465c-84b4-7be7f3a9930c | d7affb3f-d3e1-45a7-b117-9d2a7a26b301 |        5
 2023-08-06    | 51e46d17-f344-463a-ba17-6489455b4fe2 | 88a20223-f735-42fa-849b-085ba248e2cf |       20
 2023-08-06    | 51e46d17-f344-463a-ba17-6489455b4fe2 | dfa09928-6748-433c-8432-8647171236a1 |       10
(3 rows)

postgres=# select sum(quantity) from purchases;
 sum 
-----
  35
(1 row)

postgres=# select sum(quantity), purchase_date from purchases group by purchase_date;
 sum | purchase_date 
-----+---------------
  30 | 2023-08-06
   5 | 2023-08-05
(2 rows)

=== SUBQUERIES
postgres=# select * from users2 where create_date = (select max(create_date) from users2);
 create_date |             user_handle              | last_name | first_name 
-------------+--------------------------------------+-----------+------------
 2023-08-06  | 054f39d6-6bcf-42e2-9e02-7611deb74483 |           | banana
(1 row)

postgres=# update users2 set last_name='berry' where create_date = (select max(create_date) from users2);
UPDATE 1
postgres=# select * from users2 where create_date = (select max(create_date) from users2);
 create_date |             user_handle              | last_name | first_name 
-------------+--------------------------------------+-----------+------------
 2023-08-06  | 054f39d6-6bcf-42e2-9e02-7611deb74483 | berry     | banana
(1 row)
